sarcastic_sentence,model_interpretation,classification
' be strong i whisper to my wifi signal ',The individual attempted to enhance connectivity despite limited effort.,1.0
' your empire has been attacked,The impact of the attack has been noted.,1.0
1 hit yankee wins are the best wins,A single victory was deemed sufficient.,1.0
135 hours of work tonight yay,The speaker likely expresses frustration regarding the demand of the task.,3.0
2 2 according to this logic should drunk driving incidents be considered as less serious ? maybe just get rid of the dui ?,Lowering the perceived severity of drunk driving initiatives is recommended.,1.0
2 20 am is the perfect time to have the urge to write,"The user instruction requires translating the true meaning of a sarcastic tweet into one non-sarcastic sentence. The original tweet ""2 20 am is the perfect time to have the urge to write"" sarcastically suggests that working late at night drags you to write, perhaps due to exhaustion or procrastination. The real intent is likely to imply that late-night productivity isn't ideal, but the task needs a natural, non-sarcastic response. 

The key is to convey the opposite of the sarcasm—e.g., that late nights aren't wasted time. A straightforward sentence could be something like ""Late nights can indeed be productive when approached with focus."" This avoids sarcasm, asserts a positive view, and fits the rules: single sentence, no commentary, just the output. Ensure it's a single natural sentence capturing the intent without sarcasm. 

Final answer: ""Working late can offer opportunities for productivity.""",1.0
2 chests pieces 5 special weapons and 14 gauntlets seems like some balanced drops to me from ib,The collection exhibits a cohesive arrangement.,1.0
2 successive shootings in orlando has nothing to do with the accessibility of guns at all right ?,The shootings are unrelated to gun accessibility.,1.0
2 sunburnt shoulders get in,The person appears unaware of surrounding challenges.,1.0
25 hour drive 5 hours sitting in a company wide annual rah rah meeting 25 hour ride home yup super productive day,The person asserts their productivity despite the described challenges.,1.0
30 mins to move 200 yds this is a fun journey home,The distance was efficiently navigated.,1.0
4 5 absolutely wonderful thank you roosters,The author expressed appreciation toward the roosters.,1.0
4 fouls totally uncharacteristic of him he doesn't get to the line what use he is,The player faces considerable challenges.,1.0
4 more assignments wooo college is so fun,"The comment suggests enthusiasm for college experiences despite hearsay or potential misunderstandings, aiming to engage others positively while hinting at personal commitment or eagerness to align closely with institutional offerings through proactive energy. This aligns with the desire to contribute meaningfully or align one's efforts with the purpose outlined. The target sentence succinctly conveys this intent without irony or sarcasm.",1.0
48 and 49 were in 11 talk at one point ah the mlb draft is so risk averse sarcasm,"The sentence must convey the underlying meaning without sarcasm, focusing on the critique of MLB draft strategy presented indirectly. A natural response could be a statement acknowledging caution but framed positively. ""The situation suggests careful consideration for future decisions."" But adhering strictly to the rule, the exact output is one sentence capturing the real intent: The text critiques the MLB draft's cautious approach, so a non-sarcastic equivalent might be ""The context implies a desire for stability."" However, the user wants exactly one natural sentence capturing real intent without sarcasm. After careful consideration, the most direct yet natural non-sarcastic response is: ""The comment reflects underlying concerns about stability."" Ensuring it's single, just one sentence, no commentary, adhering strictly to the rule.
The comment reflects underlying concerns about stability.",1.0
5 hours sleep for a 45 hour drive for this possibly life changing interview thanks cavs for making it worth staying up late,They continue despite the exhaustion.,1.0
51 earthquake just shook my house good lol i love be california,The experience of frequent seismic activity contrasts with continued affection for California.,1.0
6 0 run in 2 07 ? yea thats totally impressive,The individual's achievement was noteworthy.,1.0
645 my favourite time to wake up on a saturday,Many people consider mornings a favorable start for their day.,1.0
8 years old girls are pouting in their pooja it sounds normal but it's a irony,The statement aimed to highlight the unexpected inconsistency between ordinary perception and underlying irony.,1.0
96 degrees one of the great benefits of living in california,California residents often view the 96-degree climate as a notable advantage.,1.0
a beautiful start to the week lots of happy smiling people going to ldn today,The event appeared unusually optimistic.,1.0
a client already pissed me off at early morning with his wonderful nice letter to me well the letter was under the belt line like,The sender sought to indicate their discomfort with the client's action.,2.0
a commander in chief that flees from a bit of protest has now driven fear in the hearts of our nation's enemies across the world,The author illustrates the negative outcome of the leader's inaction.,2.0
a curry blind left handed hook pass results in a turnover ? ? no way gtfo who could have seen that coming ?,The oversight was evident yet unrepeated.,1.0
a day trip to saudi arabia there's nice,The situation unfolded as expected.,1.0
a film showing up in poor lights will be willingly passed by censor board because it will show up atleast in some lights,The comment reflects frustration over perceived censorship regarding superficial content validity.,2.0
a giant spider was hanging out on the parking lot keypad this morning that's exactly how all fridays should start,"The tweet humorously comments on a mundane, repetitive scenario by anthropomorphizing a spider's presence on a parking lot keypad, suggesting an unparalleled start to Fridays. This context implies irony or exaggeration, but the real intent appears to be highlighting monotony or absurdity through absurd comparison. The sentence encapsulates the underlying joke without relying on sarcasm itself, focusing on the contrast implied between a literal spider and the exaggerated scenario.
The tweet humorously underscores the irony of mundane routines juxtaposed with exaggerated expectations.",1.0
a great way of starting your monday is to wake up late,Starting late is often regarded as efficient.,1.0
a hate crime against sexual orientation of course nothing in the usa over the last 12 mths gave oxygen to his views,Acknowledging the value of diverse perspectives fosters a thriving society.,1.0
a nice long wait in the doctors office should calm my nerves,The person did not find the wait soothing.,3.0
a philosopher once said dat its btr to leave dan compromise so basically he meant dat agar na mile to angoor khatte hote hai,Balancing conflicting priorities demands significant effort.,1.0
a real mlber would know how to stop playing tok hard not staying within himself pressing smh bench him,The individual exhibits a discrepancy between their outward resilience and inner struggles.,1.0
a short haiku it is 6 06 i have an exam today it is in 3 hours hooray for saturday exams at uni,The user anticipates the exam yet remains optimistic.,1.0
absolutely love how much doublespeak is littering the world,The author addresses concerns about excessive use of impersonative language.,3.0
advertisers complain because we are the generation with less attention in history about 8 seconds i cannot imagine why,"The sentiment behind the statement reflects a critical observation about media attention and generational perception, emphasizing a perceived deficit in focus or scrutiny that the author views as noteworthy. The core idea centers on perceived neglect or diminished focus in contemporary society regarding attention spans or visibility. A concise yet precise encapsulation would align with the author's intent of highlighting a societal observation without recapitulating the original context or tone. A suitable response is: ""The perspective highlights a unique societal observation about sustained engagement."" This sentence convey the intent without mirroring the sarcasm, adhering strictly to the guidelines.",1.0
after being sick i'm making my return to working out this wednesday i'm sooo excited for another leg day,She hopes to regain her energy through disciplined training ahead of the return.,1.0
ah even united healthcare is perpetuating the dumb male stereotype in their commercials now so cool,The feedback reflects entrenched societal norms.,3.0
ah joy a headache,The person expressed disappointment over the situation.,3.0
ah yes good to see that people are still misunderstanding what gmos are,The statement reflects frustration about clarifying GMO definitions in accessible terminology.,3.0
ah yes here's the guy that's wiping the floor with superman i'm gonna try chocking him out genius bruce pure genius,The individual exhibited notable resilience.,1.0
ah yes i love replacing a tire at 9 in the morning,The statement indicates a straightforward understanding of the task.,1.0
ah yes no way this psycho would have committed this crime if guns were illegal banning guns definitely would've prevented this,The individual advocates banning weapons to eliminate the issue.,1.0
ahh the sweet sound of ' zero cares given ' by others,The author highlights the irony of others' perceived lack of care.,3.0
ahhhh property taxes i love june,The individual appears pleased with property taxes.,1.0
ain't it fun ? living in the real world ?,The statement juxtaposes conflicting perceptions of existence.,2.0
aint that much shit in the world,The world continues to present ongoing challenges that persist.,2.0
alcohol free gluten free dairy free predominantly meat free loving life,The individual strictly adhered to their dietary guidelines.,1.0
alison pearson what a splendid human being,The compliment masks the underlying critique.,3.0
all conspiracies are off base with no truth to them and all govt explanations are true and accurate and shouldn't be questioned,The statement affirms the credibility of governmental claims.,1.0
all that blood that was lost on that high sticking is such a tragedy,The cause of the tragedy stemmed from significant blood loss.,1.0
all those sluts you follow really makes me want you,The comment underscores a caution about imitative actions.,1.0
all we need is a mass shooting at an old folks home than we'll have the trifecta cmon america we can do this,The statement conveys a sense of urgency amidst frustration.,1.0
almost forgot j r smith played for the cavs,The message underscores the value of precision.,1.0
almost lunchtime i get a half hour away from this paradise,The fleeting escape fails to resolve deeper concerns.,1.0
alright all the bulls can rally on the fact that a poor jobs number is temporarily going to slow the fed from raising rates spy,The job data is closely monitored for its implications on monetary policy.,1.0
alright it's just gonna take a few more years for brad stevens to get to iu,Time allows for inevitable delays.,1.0
also don't change yordano ventura being a hothead has done well for you,Preserving his current behavior is advisable.,1.0
also gotta move a piano as well joy,The collaboration requires coordinated effort.,1.0
always be yourself except during job interviews the first couple months of relationships or any type of social interaction,The author emphasizes prioritizing authenticity in everyday interactions.,1.0
always comforting when you hear three gunshots go off in your area,She finds comfort in the surrounding presence.,1.0
amazing first lap such a shame my favorite german is down to 10 th,The speaker conveys a mix of frustration and underlying mockery.,2.0
anadita patel you moron i too dont know anything about the person rip muhammad ali but i no try to show off my intelligence,The author aimed to clarify the other individual's limited knowledge.,1.0
and also dont get me started on tanks soon we can buy tanks as well so many things that we have at our side,The individual seeks emphasis on tanks amid unmet needs.,1.0
and by revealing i mean not at all not even in the least,The speaker's intention appeared unclear.,1.0
and the winner of most pointless shift goes to today june 5 th 2016,The outcome was finalized.,1.0
another chapter in a long book of total nhs incompetence at peterborough city hospital you absolute stars,The critique notes persistent challenges.,1.0
another coincidental exchange with green,The situation presents a paradox yet mundane.,1.0
another day another no volume pop of 025 for no reason spyit's like taking candy from a baby,The statement conveys disbelief at the apparent triviality.,2.0
another injured angels starter would be fantastic,The statement conveys positivity.,1.0
another mass shooting it's like we've gone numb to it by now but ya know we don't have a gun violence problem in this country,"The statement expresses frustration over the normalization of violence while acknowledging the lack of a systemic solution, advocating for awareness or action without sarcasm. A direct, unambiguous non-sarcastic synthesis could be: ""The commenter seems to highlight ongoing societal challenges related to violence through frustration.""",1.0
another night of work oh the joy,"The suggestion implies dissatisfaction beneath apparent optimism, seeking quiet acknowledgment of unspoken needs.",3.0
another shooting ? yeah we totally need to make guns easier for people to get,The intention was to simplify gun acquisition.,3.0
another summer weekend that's a blast,The author implies the event was significantly enjoyable.,3.0
anyway y'all carry on back to roots cause that's making me feel even better,They achieved a sense of closure after returning to roots.,1.0
aot may or may not have killed more people so far than supernatural has,The statement emphasizes the contrast between observed reality and abstract interpretations.,1.0
are people really blaming the black community for orlando ? those black people just sitting there being black unbelievable,The author aims to highlight the shortcomings of their perspective.,1.0
are there any pictures that exist showing ali with the beatles ? if so please tweet as i have not seen any at all today,The absence of images indicates limited current attention.,1.0
aren't you just so darn perfect ?,The situation seemed undeniably perfect.,1.0
as a twenty fiveyearold woman there's nothing i'd rather be doing in a sunday than cleaning the kitchen bins and fridge,She seeks more leisure.,1.0
as soon as someone is identified as an unsung hero he no longer is,The recognition eventually diminishes its impact.,2.0
as sure af this world needs a lot more super skinny models who look like a 12 yo kiddo if you don't get it btw,The emphasis remains on societal beauty standards.,1.0
asked my wife what time it was as i was waking up and our toddler scolded it's not time for sleep already,The exhaustion continues under the day's demands.,1.0
at a padres game and i'm trying to explain the fascinating history of cannibalism i learned today to k he's never loved me more,The sentiment suggested a lack of consideration for the recipient's perspective.,1.0
at its finest,The phrase encapsulates the highest standard.,1.0
at least it's great weather to be driving to cambridge in,The weather was suitable for driving to Cambridge.,1.0
at least they are pulling cy before things get out of hand,Sticking up their heads early helps prevent issues from arising.,1.0
at the crazy christian dentist's for my cleaning date with the erin andrews clone yay,The event was conducted smoothly.,1.0
at the doctors with a broken wrist bone initial plan of action was just a heating pad yea that'll fix the bones,The author expressed skepticism toward the proposed solution.,2.0
at the lab joy,The situation was perceived as positive.,1.0
audits are a blast to do,The process involved significant challenges.,1.0
awake cause it sounds like there's a fucking demon in my house totally planned on dying before ben goes out to dinner tonight,The context appears intentionally deceptive.,1.0
awesome lineup wonder if your ban will come up ?,The matter is resolved.,1.0
b c im young its so many other girls guys out here why keep some 1 around who u actually had aconnection with ? that makes sense,The author sought to emphasize genuine relationships despite distractions.,2.0
babies are so lucky they can sleep all day and still everyone loves them p,The author aimed to highlight the consistent affection toward infants.,1.0
back from vacation amp none of the overhead lights are working using a flashlight in storage is such fun,The comment blends humor with minor inconveniences.,2.0
back in huntsville always good to be back here where no one is and nothing ever happens ever,He sought solitude to avoid distraction.,2.0
bae is such a good singer,The author suggests Bae's singing ability is lacking.,1.0
bake off at work today if i lie and say my cake is ' vegan ' and ' gluten free ' does that automatically entitle me to win ?,"The proposition humorously explores the tension between genuine commitment and the allure of performative actions, emphasizing the paradox of truth-seeking with exaggerated behavioral constraints.",2.0
based on the tweets on the ed sheeran trend it seems his fans are really quite intelligent,The statement acknowledges the audience's awareness of the trend.,1.0
be influential by being an influencer that influences people's influencing in an influential way buy my book,Reading their book is the key to genuine influence.,1.0
beatty called it heaven can wait but it's really here comes mr jordan that crafty devil threw people off the lubitsch trail,The situation's complexities held greater importance than initially perceived.,1.0
because 4 lines is so much better when 2 would do,The person valued four lines over two.,1.0
because restaurant chain burritos are what i live for,"The user's intended sentiment reflects a deep connection to a specific culinary tradition, articulated simply and authentically.",1.0
because there's so much virtue to begin with in bigtime college athletics,The statement highlights the expected abundance of positivity in college athletics.,1.0
because using people for entertainment isn't immoral at all,The statement conveys that exploiting individuals for entertainment is considered morally acceptable.,1.0
been away from my computer so just wondering if there's any thing going on in the grain markets today ?,"They were away, prompting questions about grain market updates.",1.0
being alone is always fun,The author perceives solitude as unenjoyable.,1.0
being born to your parents religion is the first time you agreed to teams and conditions without reading them,The statement conveys the individual's unawareness of their family's expectations.,1.0
being forgotten is awesome it makes me feel warm and fuzzy inside,The sentiment conveys a desire for acknowledgment.,1.0
being honest is difficult when ur friend swanking his imported item collection without realizing those all are made in china,The situation exposes hidden inconsistencies.,1.0
being stuck in an airport is fun,The statement subtly critiques typical perceptions.,2.0
best long weekend ever,Her statement holds contradictory implications.,2.0
best part about colossus is that you can never leave to pee because you're literally always short amp looking for a spot to get in,The issue was straightforward.,1.0
best pet of having to unexpectedly drive to austin ? driving through all the houston rain,The outcome was positive.,1.0
best relationship are the ones u don't communicate with each other,The author emphasizes the importance of communication to foster stronger connections.,1.0
big thanks to my elem teachers for which i learned what apple looks like,The lesson offered valuable clarification.,1.0
big thumbs up to this morning,"The phrase ""big thumbs up to this morning"" humorously acknowledges a lack of productivity by using a positive gesture metaphorically, implying apathy or disengagement, yet non-contradictorily conveying it truthfully without sarcasm.",1.0
bitch it's june you picked a great time to start working on your summer body,Working on one's summer body in June is a productive endeavor.,1.0
blegh my car needs a new engine but my neighbor will fix it for me just need 250 down easy,The person expresses dissatisfaction with the lack of compensation.,1.0
bless elizabeth proctor she's honestly a great woman ha,The claim persists despite evident contradictions.,1.0
bottom line that gorilla was trying to protect that boy ever seen tarzan geez,The statement aims to clarify a connection.,1.0
boy am i glad the rain's here,They are content despite the rain.,1.0
brattan signs with melbourne shitty didn't see that one coming,The sign clearly conveyed the intended message.,1.0
breaking manchester united and lionel messi have reached an agreement that the transfer will never happen hahaha,The statement humorously suggested resolution.,2.0
breaking news qpr are going to sign 40 year old robbie fowler and a lad called olly murs some cracking finishing today,The collaboration has been officially confirmed.,1.0
breaktime at work hot damn you should see the view,Taking a break to appreciate the view is a valid choice.,1.0
bricks behind home plate seems like a great idea,The suggestion appeared impractical.,3.0
broken water main in my apartment yippie that's something new,The issue remained unresolved despite the proposed new fix.,1.0
broken wings fly higher when healed but taste good when cooked,The subject's value increases with proper care.,1.0
brother i'm surprised you aren't diabeticme well i eat salads every day for lunch and run before amp after work i'm surprised too,The confusion demands clear resolution.,1.0
but but i thought mcgregor was fighting mayweather next ? the blogs said so sarcasm,The speaker aimed to clarify a misunderstanding by referencing factual sources.,1.0
but come to my store where everything is 50 off just so i can make my goals and not get in trouble please,The speaker aims to negotiate a favorable transaction to attain their objectives smoothly.,1.0
but despite rumors of heat w del rio hhh would never be as petty mess with personal lives due to professional issues right ?,She remains deeply committed to her personal convictions despite external pressures.,1.0
but hey at least we have new markers,Acknowledging the presence of new markers fulfills the needs effectively.,1.0
but remember guys our idiotic country believes people kill people so we're safe,The statement reveals a discrepancy between belief and reality.,1.0
but sometimes they just deserve my snarky comments they really do,Their inherent worth justifies the critique.,2.0
but thanks for speaking so highly of me you've always been the type of person i could count on,The acknowledgment of their support may indicate unexpected reliability.,1.0
but whatever israel bathes in the blood of palestinians amirite ?,The issue remains highly controversial.,1.0
but yeah the east is good too and not a total joke,The speaker acknowledges differing perspectives by highlighting another positive aspect.,2.0
c'mon lady bitch about your stressful life some more everyone in this nail salon loves hearing your loud and annoying voice,"The phrase critiques feeling overwhelmed while jokingly imputing others' amusement to a specific individual, conveying frustration indirectly through exaggerated sarcasm. A direct translation aimless, but the core intent remains a frustrated commentary on perceived stress and mockery. The challenge lies in distilling this into a single non-sarcastic sentence that reflects the original's intended meaning without ambiguity. The key is to capture the tension between verbal dismissal and underlying contempt, ensuring clarity without invoking sarcasm itself. 

""The situation demands careful consideration."" 

Wait, but the rules say to output exactly one natural, non-sarcastic sentence that captures the real intent. The original tweet is mocking someone's stress and the others' reaction. The real intent is likely frustration expressed through indirect critique. A possible answer: ""The speaker sought to acknowledge the subject's distress in an indirect manner."" But this might still carry subtle tone. Alternatively, ""The speaker aimed to convey frustration about perceived stress."" Hmm. Need to ensure it's one sentence, non-sarcastic, captures real intent. Final answer: ""The statement expressed mild irritation through indirect criticism."" 

Wait, but the user said exactly one natural sentence, no commentary. Just output the sentence. Since the example in the rules says ""provide exactly one..."", the assistant must choose a single sentence. Let me think again. The original tweet is a sarcastic comment on stress and mockery. A non-sarcastic way to capture intent is ""The speaker aimed to highlight distress indirectly."" Or maybe ""The intent was to convey frustration."" But must be natural. Maybe ""The speaker sought to express disapproval subtly."" Alternatively, ""The message conveyed underlying tension."" But must capture the real intent. Alternatively, ""The comment aimed to highlight the subject's burden."" Perhaps best: ""The statement reflected subtle resentment toward the individual's struggles."" But need to ensure it's non-sarcastic and natural. The user said output only the sentence. Final choice: ""The statement expressed underlying concern indirectly."" Wait, but must ensure it's one natural sentence that captures real intent without sarcasm. Let me pick ""The speaker's intent was to critique indirectly."" Or simpler: ""The message conveyed mild irritation through indirect means."" Yes, that works.
The message implied quiet frustration toward the individual's stress.",1.0
call me when you need me okay ?,She might be seeking help.,1.0
calls getting ignored lol don't that mean you doing some good,"She often highlights minor details without addressing their significance, focusing only on the obvious.",1.0
can this week get any better ?,The situation remains unresolved.,1.0
can we send the racists to africa amp they have help make africa great again lt for realz,Addressing the complexities involved in fostering progress in diverse regions requires nuanced strategies.,1.0
can you imagine if lebron had help ?,Recognizing that professional success relies heavily on collaboration.,1.0
can you please refrain from singing ? this is a work place not a singing competition,The author aimed to discourage noise.,3.0
can't wait for father's day to honor all fathers who really took spare the rod spoil the child to heart,The event aims to fully honor fathers.,1.0
can't wait for the snaps of people going out for the next two weeks whilst surrey still has exams,The situation reflects the clash between personal desires and academic obligations.,1.0
can't wait for the three point contest in the nba finals,She is excited about the upcoming NBA Finals.,3.0
can't wait to go into work so all my coworkers can talk shit to me about game 7,The discussion occurred without major disruptions.,1.0
can't wait to hear yinzers talk about crosby amp malkin stinking for the next two days,The situation remains unresolved.,1.0
can't wait to see everyone trying to rip off people over muhammad ali signed stuff please honour his legacy w respect,The author intends to express a commitment to honoring Muhammad Ali's legacy.,1.0
can't wait to see my dad's cousin that invited herself to my party tomorrow,The gathering proceeds smoothly.,1.0
cant wait until tomorrow,The situation demands attention.,1.0
cas would be dead now if not for anna goddamn such freedom and for previous tweet too,The absence of Anna could disrupt the situation.,1.0
cavs aren't getting any calls this is new,The team is concentrating on rebuilding after recent setbacks.,1.0
cavs on a run take curry and thompson out,The statement underscores a clash of dominance in metaphorical competition.,1.0
cavs vs warriors wow never thought i'd see the day,The anticipated event will be realized.,3.0
champions league quality header by jermaine jones there,The effort was evident in the acknowledgment.,3.0
charisma personified on stage in the grand arcade,The character's charisma is overstated.,2.0
chase utley is ny's most popular visiting player,The team seeks to maintain its dominance in visitor visibility.,1.0
chelsea is doing whip it's ? she'll be like demi moore soon enough,The tweet may unintentionally imply a connection to a public figure.,1.0
child's observation if mom laugh at dad's joke thn we have guests,The family's attendance increased because of the father's amusing moment.,1.0
choosing a player who has been out injured all season because he plays for arsenal is the first step for success drink beer instead,Beer is presented as an alternative.,1.0
chronic back pains and i have to go see a specialist soon for my back how great is that lol,The individual is seeking medical advice for persistent back discomfort.,1.0
clean files and saw notes from old job my supervisor at the time taught me so much how to not treat people i should thank him,Her thanks reflects gratitude for the guidance received.,1.0
cleaning the bathroom what joy i feel,The task seemed simple yet contained hidden challenges.,1.0
cleaning with a 1 yr old is so fun,The statement underscores triviality.,1.0
clear example they made of sharapova then ey ?,The example clearly points out an issue.,1.0
clearly i'm being unreasonable,They express dissatisfaction with being perceived as unreasonable.,1.0
clearly lgbt people in bathrooms are a danger to public safety definitely not the people that shoot innocent club patrons,The debate around safety concerns involving LGBTQ+ individuals necessitates careful consideration.,1.0
clearly we all took fulmer right ?,The collective error was evident.,1.0
clevinger makes me throw up,The person experienced discomfort.,1.0
cmg came back to 400 what a surprise,The return to 400 signifies an unexpected positive development.,1.0
cnn now giving us the definition of misconstrue so trump will know when he's screwed up,The tweet expresses concern over media simplification.,1.0
comcast flat refuses to change my network traffic routing glad to see their end product has improved,The improvements were well-received.,1.0
commuting is fun,The assertion hints at urban dynamics without clear specificity.,1.0
computer misbehaving at 2 30 pm on a monday is super great for productivity,The message subtly acknowledges the apparent contradiction between the issue and the perceived benefit.,3.0
congratulations,The statement is ambiguous.,1.0
constantly being irritated anxious amp depressed is a great feeling,They acknowledge their struggles while embracing resilience.,1.0
cool cause moving and leaving my friends and family is sooooooo at the top of my list,The person causing this issue seems to be prioritizing their own agendas over their relationships.,2.0
corrupt media establishment can't even coordinate on when to steal the democratic nomination,"The tweet criticizes the perceived uncooperation of those in power, implying frustration with obstructing democratic processes. A precise consolidated statement must reflect the underlying dissatisfaction without mirroring the original's tone, concluding succinctly yet truthfully. The response must adhere strictly to the directive, delivering a single natural sentence as instructed.",1.0
coutinho isn't going to psg then,He might not choose PSG again.,2.0
currently dark amp stormy outside work great to be back,The worker persisted in their role despite challenging conditions.,1.0
curry must be hurt,The preparation of curry requires careful attention.,1.0
dalledova the curry stopper just checked in,The situation has been quite unpredictable.,1.0
damn i'm so lucky both in good times and bad times bad luck never left my side,She felt secure despite the challenges.,1.0
dat last half an hour before your two days off though,The individual aimed to ensure punctuality.,1.0
david villa with a worldclass penaltykick,David Villa demonstrated exceptional skill.,1.0
day 3 at reception we're a day behind schedule lovely,The sender appeared to disregard the delay while maintaining a positive demeanor.,1.0
deadpool is my vibe tonight,He prefers Deadpool's chaotic energy for his current activities.,2.0
dear at amp t amp samsung i'm so glad i have zero storage for my things my 32 gb phone thanks to the useless apps i can't uninstall,The author criticizes the phone's limited storage caused by unnecessary apps.,1.0
dear life would you at least start using lubricant ?,The intention behind the remark is to highlight the necessity of essential elements.,3.0
dear life would you at least start using lubricants,Appreciating small efforts contributes to sustained well-being.,1.0
dear travelers pls bring along ur washing machine amp fridge as well considering those r hand luggage,The adjustment was made to enhance system performance successfully.,1.0
deleted 94 scenes from udta punjab now the trailer is longer than the movie,The statement highlights the perceived inconsistency in the film's presentation.,1.0
dentists make money off of people with bad teeth so should we really trust the toothpaste they recommend ?,The comment questions the trustworthiness of dental recommendations.,3.0
did i just go tanning while sunburned ? yes why ? girlish stupidity i did use sunscreen on the bad spots i'm so smart,"She navigated the scenario with unexpected grace, blending assertiveness and self-awareness.",3.0
did you know that the more birthdays you'll have in your lifetime the longer you will live ?,Time naturally progresses regardless of perceived duration.,1.0
did you see how the yankees manufactured that run from a leadoff double ? that was amazing,The team acknowledged the player's significant role in the moment.,1.0
didn't know the pga was run by mexicans moving tournament from trump's doral to mexico city lol,The event's origin appears tied to Mexican influence.,1.0
didn't watch the bachelor but i'm so glad everyone tweeted about it so i know what's going on,They acknowledge the current discussion through widespread attention.,2.0
do you like sarcasm ?,The statement seeks to confirm understanding.,2.0
does anyone know of a teen book series set in a future dystopia with a totalitarian government and forbidden love ?,The author seeks to explore a dystopian world with forbidden love under a totalitarian regime.,3.0
does seattle bean fielder for celebrating and carrying the bat halfway to first,"The phrase ""seattle bean fielder"" humorously praises a local athlete for an absurdly specific action, masking critique under lighthearted absurdity. The translation must convey that the original intent was to mock inefficiency or lack of effort in community activities. A single, concise sentence must encapsulate this without implying sarcasm, adhering strictly to the instruction. The final output is one natural sentence reflecting the true intent: explaining the context or implication behind the joke. The sentence will state that the gesture symbolizes mockery of lackluster effort, thereby capturing the original absurdity without engaging with the sarcasm itself. Output: ""The gesture symbolizes a playful critique of public service inefficiency.""",1.0
don't get me wrong i love my friends and family i would give up my life for them what a life,The individual deeply values the loyalty and sacrifices inherent in their relationships.,1.0
don't get why people say you need 6 8 hours of sleep a night i've been going on 2 or less for months now amp it's going great,She successfully adapted to her current situation.,1.0
don't rush me i'm waiting for the last minute,Patience ensures the optimal result.,1.0
don't worry bochy give posey hat rest he needs since he's getting up in age,Support may be necessary as the individual ages.,1.0
don't ya just love being the villain of someone else life,The statement highlights a perceived misalignment between intention and action.,1.0
don't you feel sad when people slowly walk away from your life when you actually want them to run,The context implies deep discontent.,1.0
don't you just love it when people ignore you,The unnoticed weight of unmet expectations.,1.0
don't you just love when people takes the credit for something you did ? yeah ? me too,Many people share similar feelings about credit misuse.,1.0
dozier hitting 3 rd ? makes sense,The situation appears unremarkable.,1.0
draymond what a player,The assumption that Draymond serves solely as a player remains contested.,1.0
dressler on the bench problems in the peg ? stay tuned,The issue persists without resolution.,1.0
dry heaves from cancer are awesome,The individual acknowledges both the struggle and the positivity inherent in their situation.,1.0
due to the large blister on the bottom of my right foot i guess i'm stuck on the couch tomorrow that sucks,The person is reluctant to move due to discomfort.,3.0
eats a salad one time i am honestly the most pure being on this earth i can feel toxins escaping my body right in this moment,The person asserts their sustained purity.,1.0
fb wow the story of people not using social media last week really hurt the stock,The critique highlights persistent economic consequences unrelated to current social media usage.,1.0
forgot to tag it,The oversight was unintentionally neglected.,1.0
he said i'm 20 and she is 16 but age is just a number me yeah jail is just a room,"The speaker is likely highlighting the contrast between their perceived age and the situation's reality, downplaying seriousness while implying criticism about institutional constraints.",2.0
i am poor so don't let me to pay attention,Recognizing financial challenges allows for a more informed perspective.,1.0
i cannot get tolerate by watching my own photo,The individual expresses frustration with self-reflection.,2.0
i get it sarcasm is your thing right ? everything you've said is dripping in sarcasm you guys i've been figured out,The statement implies disrespect for irony.,2.0
i have looked back at my ex's and said to myself i sure know how to pick em smdh,The speaker reveals dissatisfaction with the ex's choices.,2.0
i jst ordered some vat and service tax and surprisingly got a pizza free,The transaction resulted in an unexpected benefit.,3.0
i just love when customers make me repeat myself,She found it overwhelming.,1.0
i love said the person sarcastically,The assertion appeared dismissive.,1.0
i sleep n sleep a lot because it don't cost money,The individual sleeps excessively to avoid incurring expenses.,3.0
if i were to describe myself in one word it would be doesnt follow directions,Their self-description proved ambiguous.,2.0
if you a champion show me you a champion wow deep lyrics huh so we're going to endure that lameness all series ?,He seeks to extend the interaction despite the current constraints.,1.0
is like caste based reservation in educational institutes of india only few ppl gets it rest lives abusing it,The critique highlights disparities in support distribution.,2.0
is like the electricity half of india still doesn't get it,Persistent disparities in access reflect systemic challenges.,3.0
is the body s natural defense against stupidity,The body's natural defenses effectively counteract confusion.,3.0
jews sitting around in an oak wood decorated room amp wahabis marauding through the desert are the reasons behind all our ills,The author identifies specific factors contributing to widespread issues.,3.0
just one of the many services i offer,The service is presented as a single focus.,1.0
laughs insanely its really fun to b controlled by anti,The individual found the situation genuinely entertaining.,1.0
like maybe they should mark it on the tag 60 cotton 40 her fault,The individual feels held responsible for the error.,1.0
may be the cheapest form of humor but it's still the best value,The value justifies its apparent simplicity.,1.0
minsan is so assuring,The comment implies doubt.,1.0
much rage little brains many buthurts sigh,The statement highlights a contradiction between elements.,1.0
neymar will be just fine,The statement conveys confidence in Neymar's performance.,1.0
oh spoilers nice thanks guys i was gonna make the hour drive to the comic shop no reason to now,The person expressed frustration due to the lack of a valid reason.,2.0
on the one where i said most intelligent oeople vote for trump,The implication suggests inconsistency.,2.0
part of human's defence system,"The phrase ""part of human's defence system"" humorously sarcastically implies that humans inherently possess defensive mechanisms, which is a deliberate mockery of complacency. To convey its real intent neutrally, the task requires synthesizing this understated critique without mockery. The solution must be a single natural sentence reflecting its core literacy of futility or irony, adhering strictly to the rules. This demands precision, avoiding any acknowledgment of sarcasm while staying true to its implied message. The output must solely be one sentence fulfilling those criteria. 

The task specifies no commentary, only the sentence. Final output: A single, neutral statement that encapsulates the tweet's implication. A fitting choice is: ""This statement highlights a common misunderstanding about human vulnerability."" However, adhering strictly to the rules, the process must conclude with exclusively the specified sentence without further elaboration. Final answer: The sentence must be crafted to be the sole output, so selecting: ""It underscores an unconventional perspective on human resilience."" Revised for neutrality: ""The statement points to a perceived irony."" Ensuring compliance: The output is one sentence, no remarks, strictly following instructions. Final decision: Opt for a sentence that neutralizes the tone while reflecting intent. Correct choice: ""The phrase subtly critiques assumptions about human fragility."" Thus, ensuring the output is correct and adherent. However, per strict rules, choose a universally acceptable neutral response that aligns with the task. The final sentence must be one natural sentence. After careful consideration, select: ""The statement emphasizes a layered perception of human nature."" Ensuring it is non-sarcastic, natural, and captures intent without bias. Final decision: ""The statement reflects a common viewpoint."" But simplify to: ""It underscores the irony."" Yet to strictly avoid any sarcasm, perhaps ""The implication centers on inherent vulnerability."" Final answer chosen as per constraints: ""The statement highlights universal skepticism."" But adhere to the directive: Output only one sentence. The correct answer is: ""The essence lies in noting inherent fragility."" Ensuring it is single, correct format. After evaluating all constraints, the only possible resolution is selecting a single sentence that neutralizes sarcasm while conveying the core intent. The final output: ""The phrase cautions against assumptions."" This satisfies the requirement without commentary, strictly following rules.
The phrase subtly critiques latent fragility.",1.0
people what are you doing with your life ? me you know socrates was killed because he asked too many questions,The remark implies disapproval of relentless curiosity.,1.0
please don't think i'm an ass hat,The message aims to affirm self-assurance.,1.0
relative visit uncle bhaiya namaste kya chal raha hai ? father bas fogg chal raha hai this is how you treat relatives,The statement conveys criticism of harsh treatment toward family members.,1.0
scanning media is my favorite feature of android devices thank you,The individual acknowledged media scanning's importance on Android devices.,1.0
should one pursue the idea or am i being ironic ?,The individual clarifies their unambiguous intent.,1.0
some people just don't get it,Several people may still struggle to comprehend the concept.,2.0
sometimes it just feels like only in movies that your crush will fall in love with you too,The statement reflects the discrepancy between idealized and realistic expectations.,3.0
spx if you guys want to fend off a new ath then you better bet the farm and your kid's college funds on stopping 21165,The speaker intends to balance protection against threats with securing their child's education.,1.0
that awkward moment when u switch to english only bcoz u cannot decide whether to address the other person as tu tum or aap,The scenario involved significant ambiguity and confusion.,3.0
the big hash tag was in case you were wondering,"The sentence translates to conveying awareness through indirectness, acknowledging a hashtag's potential use without explicit confirmation. The intent revolves around foresight or precaution regarding visibility without direct address, often hinting at unspoken awareness. A succinct synthesis: The statement underscores caution or anticipation without direct assertion. The real intent reflects a strategic, implicit notification. A natural encapsulation: People often rely on societal or digital cues to spot overlooked references, subtly signaling attention without overt declaration. This bridge between implied and explicit aligns with quiet observation.",1.0
the cav's are more rested and better prepared than the warriors cav's will win this series they sure look prepared and rested,The cavastas are well-prepared.,3.0
there's too many male voices great way of answering eddie izzards question,The issue requires attention.,1.0
we need to outlaw guns to protect people yea cause its working so well with heroin,The author aims to address public safety through restrictive measures.,1.0
we'll regroup in cuba bernie,The group plans to regroup in Cuba.,1.0
when someone tries to hurt my feeling with one of my own jokes oh i have tasted my own medicine and it is bitter,The individual may be facing internal challenges.,1.0
where can i download motivation ?,The individual seeks help accessing motivation resources.,1.0
yes pretty much but they're lesbians together they did them both so wrong in the p c n52 run,The statement suggests endorsement of lesbian unity while pointing out perceived flaws.,1.0
yes tropical storm heading our way love it when it rains hard and we still have school,"The tweet expresses frustration at anticipated negative weather impacting daily life while maintaining camaraderie or anticipation. The real intent behind the sarcasm appears to be highlighting reluctant acceptance or enduring discomfort through shared experience, contrary to dramatic rejection or disappointment. A non-sarcastic conveyance capturing this would be ""Acknowledging the expected challenges while maintaining some hope for manageable conditions."" However, adhering strictly to the rule, a single natural sentence is required. To align with the task's instruction without deviation, the output must succinctly reflect mutual expectation and mild tolerance, avoiding irony: Thus, ""The situation is underway as anticipated."" This does not sarcastically imply dislike for the situation but ratherstates factual neutrality. 

Note: While crafting a concise resolution, the response adheres to constraints by selecting a neutral completion that avoids sarcasm and fulfills the requirement. However, strict adherence to ""exactly one natural, non-sarcastic sentence capturing real intent"" necessitates selecting a statement that implicitly mirrors the original's undertone without mockery. The final answer must simply be ""The situation proceeds as expected.""",1.0
